,coverage,interval_width,rmse,mape
Ensemble,0.45537757437070936,4915.404610857897,3275.106734781346,108.7037802405725
Conformal,0.732837528604119,8631.078441266596,3531.841631941427,102.92458194022555
Quantile,0.35469107551487417,3586.096039691391,2828.106750485229,107.27749682614352
